X,Y,Name,description
-87.311919,36.437187,"36.437187, -87.311919",
-87.315579,36.438821,"36.438821,-87.315579",
-87.315881,36.438982,"36.438982,-87.315881",
-87.315298,36.438669,"36.438669,-87.315298",
-87.314468,36.437133,"36.437133, -87.314468",
-87.31519,36.437633,"36.437633, -87.315190",
-87.317056,36.439762,"36.439762,-87.317056",
-87.317768,36.439979,"36.439979,-87.317768",
-87.315264,36.438101,"36.438101, -87.315264",
-87.313217,36.437109,"36.437109, -87.313217",
-87.315792,36.437299,"36.437299, -87.315792",
