X,Y,Name,description
-87.317464,36.437079,"36.437079,-87.317464",
-87.318427,36.437365,"36.437365, -87.318427",
-87.31495,36.437009,"36.437009, -87.314950",
-87.315186,36.437311,"36.437311, -87.315186",
-87.315827,36.437316,"36.437316, -87.315827",
-87.316777,36.437139,"36.437139, -87.316777",
-87.315988,36.437199,"36.437199, -87.315988",
-87.318979,36.437462,"36.437462, -87.318979",
-87.314794,36.43704,"36.437040, -87.314794",
